Comune;Provincia;15/01/2021;16/01/2021;17/01/2021;18/01/2021;19/01/2021;20/01/2021;21/01/2021;22/01/2021;23/01/2021;24/01/2021;25/01/2021;26/01/2021;27/01/2021;28/01/2021;29/01/2021;30/01/2021;31/01/2021;01/02/2021;02/02/2021;03/02/2021;04/02/2021;05/02/2021;06/02/2021;07/02/2021;08/02/2021;09/02/2021;10/02/2021;11/02/2021;12/02/2021;13/02/2021;14/02/2021;15/02/2021;16/02/2021;17/02/2021;18/02/2021;19/02/2021;20/02/2021;21/02/2021;22/02/2021;23/02/2021;24/02/2021;25/02/2021;26/02/2021;27/02/2021;28/02/2021;01/03/2021;02/03/2021;03/03/2021;04/03/2021;05/03/2021;06/03/2021;07/03/2021;08/03/2021;09/03/2021;10/03/2021;11/03/2021;12/03/2021
Agugliano;AN;15;14;11;9;9;13;14;13;14;14;14;14;16;17;17;15;15;15;17;16;20;22;20;21;24;26;22;22;22;20;21;22;23;22;23;24;25;22;28;33;35;38;39;41;47;50;49;54;54;57;55;55;54;58;58;59;59
Ancona;AN;602;586;606;527;568;575;569;558;552;586;595;587;624;567;576;522;535;533;539;525;569;555;557;561;588;579;594;612;602;613;611;625;635;652;676;679;673;683;717;736;758;779;801;812;814;865;903;925;951;967;952;992;1000;1010;1003;1007;990
Arcevia;AN;21;21;19;16;18;17;19;19;16;17;16;14;14;14;13;16;17;16;13;17;18;17;18;20;17;23;23;20;18;20;21;22;20;19;21;17;23;23;21;20;19;23;25;26;27;24;25;29;30;31;28;31;32;34;35;37;37
Barbara;AN;39;39;41;34;43;43;43;43;40;42;38;36;33;25;30;29;28;26;25;22;21;23;22;20;19;16;12;9;10;10;10;10;8;9;8;7;9;9;8;10;10;9;10;10;9;8;10;10;10;10;10;9;9;9;10;12;12
Belvedere Ostrense;AN;9;7;7;9;9;8;6;6;3;3;3;3;3;3;3;3;3;3;3;3;0;0;0;0;0;3;3;3;3;3;3;3;3;3;3;5;11;11;10;11;11;13;15;16;19;20;17;21;21;19;18;18;18;16;19;19;19
Camerano;AN;35;33;37;35;36;36;34;34;29;26;29;26;30;28;27;25;23;27;22;21;27;29;32;32;45;56;67;71;72;74;67;73;75;73;77;74;72;73;83;88;89;88;87;85;83;90;92;97;98;100;101;105;104;104;101;97;96
Camerata Picena;AN;7;9;9;9;12;12;13;13;12;13;13;13;13;13;12;13;12;16;16;16;18;18;17;19;23;23;22;20;22;25;23;24;28;29;31;33;33;32;28;31;32;34;35;29;35;42;39;41;43;45;41;46;45;47;48;44;44
Castelbellino;AN;14;13;13;10;9;11;11;10;15;15;14;13;13;10;11;10;11;11;9;10;10;10;10;9;10;11;13;14;14;12;12;11;14;13;15;14;15;12;14;14;14;17;17;20;22;24;24;27;30;32;34;34;32;26;25;29;29
Castelfidardo;AN;47;40;44;41;42;45;48;48;58;59;63;58;73;72;82;91;107;116;120;117;149;170;173;191;224;238;246;266;273;279;277;302;288;282;280;290;283;285;296;291;269;252;230;218;218;248;235;258;251;258;266;270;280;270;295;282;277
Castelleone di Suasa;AN;6;6;8;8;8;8;8;8;11;11;11;12;10;7;9;11;9;9;11;10;13;12;12;15;16;13;13;14;12;12;13;13;8;11;12;12;12;10;8;6;5;8;6;8;8;8;6;5;6;6;8;8;8;8;8;8;8
Castelplanio;AN;11;11;11;11;10;11;14;14;16;15;15;15;15;13;15;16;15;17;18;18;20;20;19;19;19;27;25;25;31;32;33;34;35;43;43;41;42;44;46;44;43;45;48;47;46;37;37;42;40;38;47;50;41;42;39;39;39
Cerreto d'Esi;AN;25;18;18;13;14;14;13;13;16;16;16;16;18;15;15;13;13;13;12;10;9;9;9;9;9;8;6;8;7;8;8;9;9;9;11;11;15;15;15;15;18;18;29;32;33;35;35;45;44;56;57;57;59;61;62;68;67
Chiaravalle;AN;76;72;75;72;73;71;66;66;67;71;73;69;64;59;63;60;64;71;65;60;61;67;66;67;70;70;74;79;70;74;76;80;82;80;80;101;103;112;121;124;133;146;151;148;155;169;186;196;194;204;207;220;229;234;240;229;226
Corinaldo;AN;40;37;35;31;38;34;31;29;29;29;28;26;22;20;22;18;15;15;14;11;15;15;17;16;16;14;17;16;13;9;11;11;10;10;9;10;12;11;14;13;20;21;23;23;25;26;26;33;35;39;39;42;42;46;47;55;54
Cupramontana;AN;74;67;67;60;56;49;46;45;75;78;73;67;65;51;56;62;61;63;62;60;71;71;71;71;68;61;67;75;74;70;69;63;64;63;68;47;46;47;46;46;50;49;53;57;60;60;54;60;62;64;68;71;67;70;74;75;75
Fabriano;AN;269;247;248;221;243;238;228;228;224;224;224;210;213;191;187;179;181;178;156;166;155;162;160;160;171;176;173;177;183;182;180;181;187;183;164;162;171;170;175;201;202;202;249;258;264;268;276;291;303;337;341;342;338;343;348;365;362
Falconara Marittima;AN;197;193;196;165;183;176;171;164;158;157;155;146;154;149;147;138;140;139;130;123;123;116;113;111;119;113;116;117;108;112;111;115;112;113;116;128;117;121;128;131;146;164;169;171;179;197;209;217;223;229;232;268;266;268;286;273;272
Filottrano;AN;49;43;40;37;34;31;29;28;31;29;32;34;36;41;46;47;47;45;44;43;37;33;34;34;27;30;32;31;38;38;40;49;74;95;98;104;110;108;114;120;119;120;115;123;132;120;120;125;123;113;115;114;96;98;99;100;99
Genga;AN;16;13;13;10;10;11;11;11;8;8;8;6;7;7;6;7;7;7;6;7;6;6;7;7;8;9;9;15;17;17;17;17;20;20;21;22;23;23;23;23;25;19;22;21;21;23;21;16;14;14;13;13;13;13;13;13;13
Jesi;AN;154;144;146;180;184;185;184;183;190;187;175;192;195;195;209;218;219;219;234;248;266;280;287;284;267;291;305;331;319;315;316;309;321;316;345;345;371;365;376;387;391;392;429;436;468;466;457;470;471;456;486;491;475;492;503;513;510
Loreto;AN;70;63;63;64;67;66;65;65;70;67;71;69;80;78;83;74;76;86;90;90;106;109;117;114;127;132;144;154;155;146;150;158;150;153;153;154;152;151;147;150;147;138;128;120;122;133;133;132;135;133;132;132;135;125;128;118;117
Maiolati Spontini;AN;19;18;18;22;23;21;20;20;17;17;14;14;13;11;15;17;16;14;12;13;16;17;19;19;18;17;14;17;21;20;20;17;25;31;31;36;33;34;48;47;49;51;52;51;58;55;52;57;55;57;55;57;55;54;55;54;54
Mergo;AN;9;9;9;9;11;11;11;11;13;13;10;9;10;7;5;5;6;5;5;5;5;3;3;3;3;3;3;3;3;3;3;3;5;3;5;11;11;11;11;11;12;14;13;13;15;15;15;15;10;11;11;9;9;9;8;9;9
Monsano;AN;7;3;3;6;7;7;6;6;8;9;10;9;9;9;8;9;10;9;9;10;10;10;10;9;9;8;8;8;6;7;6;7;7;8;9;9;8;8;9;12;14;15;14;13;17;17;20;21;23;28;28;29;28;27;31;31;30
Monte Roberto;AN;10;12;12;10;12;11;10;9;12;12;12;13;12;13;12;15;15;16;16;18;19;17;16;16;16;14;14;15;13;14;12;12;11;12;13;13;14;15;16;16;16;18;18;19;21;22;21;23;25;25;27;28;26;26;24;23;23
Monte San Vito;AN;34;29;28;23;27;26;25;24;24;25;25;24;25;23;22;20;21;21;19;18;19;20;20;21;21;19;17;20;19;23;22;25;29;30;33;41;33;36;39;44;50;58;59;54;64;69;72;70;72;76;72;79;79;83;81;76;74
Montecarotto;AN;7;8;11;11;16;17;16;16;15;15;15;15;15;9;8;9;9;9;8;8;8;7;6;6;5;3;6;6;5;6;5;5;5;5;5;8;8;8;10;10;9;9;12;12;14;14;14;13;14;14;16;16;13;12;13;14;14
Montemarciano;AN;52;46;48;44;47;48;48;47;39;38;36;27;31;28;35;33;33;32;28;24;33;34;38;40;40;44;45;46;45;45;47;49;53;56;54;55;47;46;49;53;54;54;60;57;56;67;71;74;75;76;80;85;92;93;106;98;97
Morro d'Alba;AN;30;31;31;31;32;33;33;32;29;29;27;22;22;17;21;23;24;26;24;25;25;16;17;17;14;16;11;10;11;11;11;11;11;11;11;8;8;7;7;6;7;7;11;10;14;13;15;20;21;22;22;22;20;17;18;19;19
Numana;AN;24;19;25;20;23;22;21;21;26;24;24;19;19;19;20;19;19;19;16;16;17;16;17;16;18;17;20;21;22;25;22;25;27;26;26;27;24;25;30;27;26;27;28;28;25;30;30;28;28;27;30;32;31;30;31;31;31
Offagna;AN;12;12;12;10;11;11;11;11;7;7;8;8;10;10;9;9;9;11;9;9;14;14;15;15;17;15;16;20;18;17;17;17;17;16;14;18;16;17;18;16;15;16;20;21;19;22;22;25;25;24;30;30;31;35;33;30;30
Osimo;AN;181;171;174;164;164;173;181;174;212;231;230;222;269;260;283;273;314;319;303;295;325;322;308;321;329;323;315;343;337;338;335;364;361;350;338;353;338;360;395;370;391;393;405;402;417;448;453;436;442;458;464;465;472;483;501;480;473
Ostra;AN;76;74;68;58;66;68;75;72;72;74;75;80;85;85;89;92;90;86;87;77;80;79;80;84;84;84;72;66;66;65;65;62;49;45;46;46;50;51;51;47;54;57;60;63;66;67;77;81;92;96;100;98;97;97;102;102;98
Ostra Vetere;AN;42;42;43;41;46;42;46;41;41;41;41;41;42;40;40;39;42;40;38;38;38;37;38;43;42;39;39;34;29;32;35;35;33;31;34;26;29;26;25;25;23;23;20;21;20;20;19;17;21;23;22;22;22;22;23;23;23
Poggio San Marcello;AN;0;0;0;0;0;0;0;0;0;0;0;0;0;0;0;0;0;0;0;0;0;0;0;0;0;0;0;0;0;0;0;0;0;0;0;0;0;0;0;0;0;0;0;0;0;0;0;0;0;0;0;0;0;0;0;3;3
Polverigi;AN;29;28;27;24;24;25;24;23;27;32;33;31;33;33;34;32;31;31;28;25;26;27;29;30;31;28;26;23;23;25;26;27;26;27;28;37;35;37;38;42;46;50;50;47;49;52;48;52;53;52;50;50;51;55;52;46;44
Rosora;AN;6;6;6;6;6;6;6;6;6;6;5;6;6;7;7;8;7;7;7;7;8;7;8;8;6;8;12;12;11;11;13;14;16;15;15;14;15;15;14;15;15;15;17;17;15;14;16;17;15;18;17;17;18;20;22;22;22
San Marcello;AN;6;6;6;3;3;3;3;3;3;3;3;3;3;3;3;3;3;3;3;3;3;3;5;5;3;5;5;3;5;6;6;6;3;3;3;3;3;3;3;5;9;9;8;9;12;11;13;13;13;7;15;15;15;16;18;19;19
San Paolo di Jesi;AN;0;0;0;0;0;0;0;0;3;3;3;3;3;3;3;3;3;3;3;3;3;3;3;3;3;3;3;3;3;3;3;3;3;3;3;3;3;3;3;6;6;6;6;5;9;7;6;8;9;7;8;11;11;10;10;10;10
Santa Maria Nuova;AN;18;18;18;16;15;14;12;12;12;12;15;13;15;15;15;15;14;16;18;18;18;19;16;16;15;19;16;17;19;19;19;16;18;17;18;17;16;15;15;14;15;15;16;15;20;19;15;20;23;24;27;27;26;29;33;36;36
Sassoferrato;AN;14;14;14;7;10;9;9;9;15;16;19;20;30;30;32;34;34;34;41;41;53;64;64;64;80;80;94;111;115;124;124;125;134;146;152;155;156;155;155;166;158;142;163;144;143;146;140;132;124;123;123;118;115;121;116;124;120
Senigallia;AN;403;410;399;347;370;342;331;322;310;311;299;277;267;239;233;226;224;211;206;197;198;188;192;193;184;188;187;191;188;199;213;212;225;225;244;265;286;302;296;308;313;310;328;373;390;365;409;427;465;479;474;495;492;494;491;504;497
Serra de' Conti;AN;22;22;24;17;23;23;23;23;17;17;17;14;13;11;11;10;8;8;10;10;9;9;9;10;10;10;12;12;12;11;14;15;15;15;14;16;16;16;15;15;16;13;14;16;20;17;19;19;23;23;24;30;30;31;31;31;31
Serra San Quirico;AN;27;24;24;19;22;22;17;17;16;16;16;17;16;16;17;18;18;18;18;17;20;19;19;19;19;21;20;18;17;17;17;17;16;15;12;10;9;9;9;9;10;11;11;12;12;14;16;17;18;26;27;29;28;31;34;40;40
Sirolo;AN;3;3;3;3;3;5;5;5;5;5;7;7;8;8;9;9;15;16;16;14;16;17;17;19;22;25;23;28;29;36;34;39;41;43;41;49;41;44;46;49;54;55;51;51;54;59;59;56;55;55;53;53;55;49;60;56;55
Staffolo;AN;0;0;0;0;0;0;0;0;0;0;0;0;0;3;3;3;3;3;3;3;3;3;5;6;6;8;11;13;12;13;13;12;12;9;10;11;22;23;24;26;28;28;27;33;33;35;35;35;29;37;42;42;39;43;45;47;47
Trecastelli;AN;31;32;32;27;34;34;35;33;33;32;31;28;28;27;27;28;31;30;25;29;28;26;25;26;26;23;18;24;23;26;26;26;26;28;28;28;29;30;31;36;38;37;40;47;54;51;58;67;77;83;92;104;109;116;130;136;136
Acquasanta Terme;AP;3;3;5;5;5;7;9;9;9;9;12;14;15;18;19;19;19;22;25;29;29;27;26;27;23;22;23;23;22;21;21;19;17;13;12;12;12;12;12;10;10;6;5;3;3;3;3;3;3;3;3;3;3;3;3;3;3
Acquaviva Picena;AP;14;17;17;15;16;16;15;13;12;12;15;16;15;15;17;15;15;15;15;14;15;16;15;15;14;14;23;23;21;20;20;20;22;19;20;16;15;15;14;14;16;18;17;20;20;18;18;17;16;16;16;16;15;16;17;18;18
Appignano del Tronto;AP;11;11;10;9;11;10;9;7;6;6;6;5;5;5;3;3;3;5;6;7;7;10;10;10;9;9;9;11;12;13;13;12;11;12;11;11;9;8;8;8;8;6;3;3;3;3;3;3;3;3;3;3;3;3;3;3;3
Arquata del Tronto;AP;3;3;3;0;0;0;0;0;0;0;0;0;0;0;0;0;0;3;3;3;3;3;3;3;3;3;3;3;3;3;3;0;0;0;0;0;0;0;3;3;3;3;3;3;3;3;3;3;3;3;3;3;3;0;0;0;0
Ascoli Piceno;AP;194;196;202;185;199;201;196;192;209;210;215;213;218;223;226;219;218;215;219;221;215;227;216;217;212;203;197;198;195;186;183;171;166;161;165;161;156;152;148;146;147;141;140;133;134;136;133;138;144;144;157;160;165;164;172;171;171
Carassai;AP;0;0;0;0;0;0;0;0;0;0;0;0;0;0;3;3;3;3;3;3;3;3;3;3;3;3;3;3;3;3;3;3;3;3;3;3;3;3;3;3;5;5;5;3;3;3;3;3;3;3;3;3;3;3;3;3;3
Castel di Lama;AP;14;14;14;13;11;9;7;7;9;9;12;16;18;25;31;32;32;33;36;36;36;35;36;36;40;39;39;39;38;36;35;32;31;31;29;25;25;25;18;22;21;21;20;20;20;17;15;18;17;17;20;21;23;24;24;26;26
Castignano;AP;6;7;7;7;7;8;8;8;10;10;10;9;7;7;7;7;7;5;5;5;5;5;5;5;3;3;3;3;3;3;3;3;3;3;3;3;3;3;3;3;5;6;6;6;6;6;6;5;3;3;3;3;7;8;9;9;9
Castorano;AP;9;9;10;7;6;5;5;5;5;5;5;6;5;5;3;3;3;3;3;3;3;3;3;3;3;3;3;3;5;5;5;5;5;5;5;3;5;5;5;6;6;7;7;7;7;8;6;6;6;3;5;5;3;5;5;6;6
Colli del Tronto;AP;3;3;3;3;3;3;3;3;5;5;7;7;7;7;8;8;8;8;9;14;14;16;16;16;16;17;16;18;17;18;19;20;18;16;14;16;16;14;14;13;15;14;13;13;13;13;13;16;17;14;15;14;16;16;20;19;19
Comunanza;AP;31;31;35;32;34;34;34;33;29;29;31;30;27;24;20;21;20;17;14;12;9;8;6;6;7;6;6;5;3;3;3;3;3;3;3;7;7;8;13;17;26;32;37;37;41;42;43;44;45;47;48;49;48;47;46;43;43
Cossignano;AP;11;11;12;9;10;10;10;10;10;10;9;8;7;10;8;9;9;9;8;8;8;8;8;8;8;8;8;8;8;6;6;6;5;3;3;3;3;3;3;3;3;3;3;3;3;3;3;3;5;5;6;7;7;8;8;8;8
Cupra Marittima;AP;44;48;56;59;64;64;61;61;65;65;66;66;63;59;59;63;62;58;56;56;50;45;39;38;33;31;27;27;25;24;24;24;23;21;22;27;28;30;33;44;51;51;65;68;69;72;76;81;92;95;98;97;96;97;103;96;93
Folignano;AP;29;29;28;25;26;25;24;24;24;24;25;24;24;26;28;26;26;28;28;31;30;32;32;32;33;33;34;37;32;29;29;30;30;29;29;30;30;23;31;32;33;34;32;31;32;28;28;27;30;29;30;29;30;30;35;34;33
Force;AP;0;0;3;3;3;3;3;3;3;3;3;5;3;5;5;7;7;7;7;7;7;7;6;6;6;5;5;3;3;3;3;3;3;3;3;3;3;3;3;3;3;3;3;3;3;3;3;3;3;3;3;3;3;3;3;3;3
Grottammare;AP;47;44;53;49;54;49;46;43;39;37;39;36;37;34;37;38;38;37;38;39;42;41;40;40;36;35;33;34;33;31;32;31;34;32;34;41;42;44;53;57;62;63;62;60;68;73;77;88;91;95;100;102;103;102;103;105;105
Maltignano;AP;6;6;6;6;6;6;6;6;6;6;8;11;14;14;15;15;15;15;15;15;16;13;10;10;10;10;10;10;11;9;9;7;7;6;6;6;6;6;6;8;9;11;11;11;11;12;12;11;9;9;7;7;7;7;7;7;7
Massignano;AP;3;3;3;3;3;3;3;3;3;3;3;3;3;3;3;3;3;3;3;3;3;3;3;3;3;3;3;3;3;3;3;3;3;3;3;5;6;6;10;15;16;16;18;18;20;21;22;24;24;22;24;24;26;25;26;27;26
Monsampolo del Tronto;AP;19;20;23;22;22;25;26;26;33;33;35;35;39;39;41;37;37;35;34;35;31;32;33;30;28;22;23;25;23;21;21;16;15;14;14;14;16;15;20;21;25;31;31;29;26;29;29;28;28;28;28;28;31;31;30;27;27
Montalto delle Marche;AP;3;3;3;3;3;3;3;3;3;3;3;3;3;3;3;3;3;3;3;3;3;3;3;3;3;3;3;3;3;3;3;3;3;3;3;3;3;3;3;3;3;3;5;5;5;6;6;5;3;6;7;7;8;9;9;9;9
Montedinove;AP;6;6;5;5;5;5;3;3;3;3;5;3;3;3;3;3;3;3;3;3;3;3;3;3;3;3;3;3;3;3;3;3;3;0;0;0;0;0;0;0;0;0;0;0;0;0;0;0;0;0;0;0;3;3;3;3;3
Montefiore dell'Aso;AP;12;15;15;15;14;12;12;12;13;13;13;13;8;10;10;11;11;13;13;12;11;12;12;12;11;13;12;12;12;12;12;11;11;11;11;11;13;13;16;21;21;22;22;22;22;22;22;23;24;24;22;22;22;21;21;19;19
Montegallo;AP;0;0;0;0;0;0;0;0;0;0;0;0;0;0;0;0;0;0;0;0;0;0;0;0;0;0;0;0;0;0;0;0;0;0;0;0;0;0;0;0;0;0;0;0;0;0;0;0;3;0;0;0;0;3;3;3;3
Montemonaco;AP;0;0;3;3;3;3;3;3;3;3;3;3;3;3;3;3;3;3;3;3;3;3;3;3;3;0;0;0;0;0;0;0;0;0;0;0;0;0;0;0;0;0;0;0;0;0;0;0;0;0;3;3;3;3;6;6;6
Monteprandone;AP;80;86;92;92;93;96;91;90;93;92;89;89;83;82;80;81;78;69;62;58;52;55;52;51;50;45;48;53;55;54;53;49;46;42;45;41;42;38;39;46;52;53;56;59;65;68;65;71;69;78;83;85;86;90;88;88;86
Offida;AP;36;33;36;33;35;32;32;32;33;34;33;31;30;30;29;29;28;23;22;22;19;21;20;21;18;16;15;12;11;11;10;9;8;7;7;7;7;7;7;6;6;6;6;6;6;5;6;6;5;6;7;8;7;6;5;6;6
Palmiano;AP;3;3;3;3;3;3;3;3;0;0;0;0;0;0;0;0;0;0;0;0;0;0;0;0;0;0;0;0;0;0;0;0;0;0;0;0;0;3;3;3;3;3;3;3;3;3;3;3;3;3;3;3;3;3;3;3;3
Ripatransone;AP;18;19;19;18;19;19;20;20;22;21;22;21;20;20;21;20;17;15;13;10;10;13;13;13;13;13;14;13;14;15;16;15;13;13;13;12;13;13;13;11;11;11;14;14;14;14;15;20;22;22;24;26;24;24;27;27;26
Roccafluvione;AP;0;0;0;0;0;0;0;0;0;0;0;0;0;0;0;0;0;0;0;0;0;0;0;0;3;3;3;3;3;3;3;3;3;3;3;3;3;3;3;3;3;3;3;3;3;3;3;3;3;3;3;3;3;3;3;3;3
Rotella;AP;3;3;3;3;3;3;3;3;3;3;3;3;3;3;3;0;0;3;3;3;5;5;5;5;5;5;5;5;5;5;5;5;5;5;5;5;3;3;3;3;3;3;3;3;3;3;3;3;6;7;7;7;6;6;6;5;5
San Benedetto del Tronto;AP;234;240;242;230;226;216;213;208;209;205;207;195;184;181;177;172;169;160;171;173;166;169;163;160;162;167;176;188;180;182;180;177;177;169;179;179;169;163;166;182;212;233;245;243;250;261;267;284;300;316;329;337;342;353;375;377;372
Spinetoli;AP;16;17;19;19;21;18;17;16;25;25;26;26;26;25;25;23;23;24;24;23;29;28;27;26;26;23;21;23;23;23;21;18;21;20;19;18;18;17;13;23;22;24;22;22;21;21;22;23;29;31;35;36;31;32;39;40;40
Venarotta;AP;8;8;8;6;8;8;8;8;8;7;7;6;7;7;7;3;3;3;3;3;3;3;3;3;3;3;3;3;3;3;3;3;3;3;3;3;3;3;3;3;3;3;3;3;3;3;3;3;3;3;3;3;3;3;3;3;3
Altidona;FM;28;31;31;25;30;29;26;25;32;32;29;27;24;21;22;18;18;18;19;16;16;15;13;12;14;10;9;8;7;6;6;6;5;5;3;3;3;3;3;3;3;3;3;3;6;6;12;15;20;21;31;31;31;33;35;36;36
Amandola;FM;12;12;12;12;13;15;15;15;19;19;20;21;22;22;22;21;21;18;20;19;18;18;18;17;17;17;15;16;15;15;14;13;12;12;12;12;13;13;13;12;15;14;15;15;18;18;20;19;16;16;15;14;14;14;17;17;17
Belmonte Piceno;FM;3;3;3;3;3;5;6;3;7;7;7;7;8;8;8;8;8;8;3;5;5;5;5;5;5;5;5;3;3;3;3;3;3;3;3;3;3;3;3;3;3;3;3;3;3;3;0;0;0;0;0;0;0;0;0;0;0
Campofilone;FM;7;7;8;6;3;3;3;3;5;5;5;6;6;7;7;7;7;6;9;8;7;7;7;7;7;6;6;6;5;5;5;5;3;3;3;3;3;3;3;5;6;6;7;6;6;6;6;8;8;7;8;8;6;7;11;11;11
Falerone;FM;13;13;13;12;10;9;9;8;9;9;9;8;6;10;13;12;10;11;11;12;12;9;12;12;11;11;11;12;12;12;12;10;3;6;6;5;3;3;3;3;3;3;3;3;3;6;5;5;5;5;8;8;9;8;11;11;11
Fermo;FM;307;309;311;299;310;289;281;266;289;297;285;280;277;271;277;276;269;250;253;240;239;216;235;232;227;212;218;206;203;189;180;174;142;144;136;118;110;110;105;91;107;100;106;104;108;107;108;109;109;129;137;136;128;147;157;162;161
Francavilla d'Ete;FM;6;7;8;10;10;10;10;10;10;10;11;11;9;8;7;7;7;8;8;6;6;5;3;3;3;3;3;3;3;3;3;3;3;3;3;3;3;3;6;5;5;6;8;8;8;9;9;10;10;10;10;10;5;9;9;8;8
Grottazzolina;FM;11;10;10;10;9;8;8;8;10;10;12;13;16;14;16;17;17;17;13;18;19;18;20;20;21;18;17;19;19;19;17;19;14;13;12;10;10;9;6;7;8;8;9;9;9;8;9;10;12;11;14;14;12;14;11;13;13
Lapedona;FM;3;3;5;6;6;6;6;6;12;12;11;11;13;12;13;14;14;15;15;16;15;14;16;15;15;12;12;12;12;8;8;8;6;5;5;5;5;5;3;3;0;0;0;0;0;0;0;3;3;3;3;3;3;3;3;3;3
Magliano di Tenna;FM;5;5;8;8;9;9;8;8;9;9;9;11;12;11;10;10;9;10;10;10;8;9;8;5;6;6;7;6;6;5;5;5;5;6;3;3;3;3;3;3;3;3;3;3;3;3;5;3;8;9;10;10;12;15;15;16;16
Massa Fermana;FM;3;3;3;3;3;3;3;3;3;3;3;3;3;3;0;0;0;0;0;0;0;0;0;0;0;0;0;0;0;0;0;0;0;0;0;0;0;0;0;0;0;0;0;0;0;0;0;3;3;0;0;0;0;0;0;0;0
Monsampietro Morico;FM;0;0;0;0;0;0;0;0;3;3;3;3;5;5;5;5;5;5;5;3;3;3;3;3;3;3;3;3;3;3;3;3;3;3;3;3;3;3;3;3;3;3;3;3;5;5;3;5;5;5;5;5;5;5;5;3;3
Montappone;FM;7;7;7;7;6;6;6;6;7;7;6;6;6;3;3;3;3;3;3;3;3;3;3;3;3;3;6;5;8;7;7;8;9;9;9;9;9;10;9;12;8;10;12;11;11;10;10;10;9;8;5;5;5;5;5;3;3
Monte Giberto;FM;3;3;3;3;3;3;3;3;3;3;3;3;3;3;3;3;3;3;3;3;3;5;3;5;5;6;6;6;3;3;3;3;3;3;3;3;3;3;3;3;3;3;3;3;3;3;3;3;3;3;3;3;3;3;3;3;3
Monte Rinaldo;FM;0;0;3;3;3;3;3;3;3;3;3;3;3;3;3;3;3;3;3;3;3;3;3;3;3;3;3;3;3;3;3;3;3;3;0;0;0;0;0;0;3;3;3;3;3;3;3;3;3;3;3;3;3;3;3;3;3
Monte San Pietrangeli;FM;12;13;15;15;15;15;15;13;17;16;14;15;15;16;17;16;16;16;15;14;16;13;16;15;17;17;18;17;18;16;14;18;20;25;22;24;26;26;24;26;30;28;32;32;34;31;36;36;38;37;36;36;31;33;33;34;34
Monte Urano;FM;78;82;83;70;77;77;75;73;76;77;72;66;58;58;55;54;52;38;43;43;38;37;40;40;34;32;30;28;29;29;26;26;19;23;20;23;21;22;20;20;18;19;18;17;18;18;29;29;32;32;33;35;36;38;44;45;45
Monte Vidon Combatte;FM;0;0;0;0;0;0;0;0;0;0;0;0;0;0;0;0;0;0;0;0;0;0;0;0;0;0;0;0;0;0;0;0;0;0;0;0;0;0;0;0;0;0;0;0;0;0;0;0;0;0;0;0;0;0;0;0;0
Monte Vidon Corrado;FM;0;0;0;0;0;0;0;0;0;0;0;3;3;3;3;3;3;3;3;3;3;3;3;3;3;3;3;3;3;3;3;3;3;3;3;3;3;3;3;3;0;3;3;3;3;3;3;3;3;3;3;3;3;3;3;3;3
Montefalcone Appennino;FM;0;0;0;0;0;0;0;0;0;0;0;0;0;0;0;0;0;0;0;0;0;0;0;0;0;0;0;0;0;0;0;0;3;3;3;3;3;3;3;3;3;3;3;3;3;3;3;3;3;3;3;3;3;3;3;3;3
Montefortino;FM;3;3;5;5;6;6;6;6;7;7;6;6;6;7;7;6;6;5;5;6;5;5;5;3;3;3;3;3;3;3;3;3;3;3;3;3;3;3;3;3;6;6;8;8;11;11;13;13;13;13;15;15;15;14;13;13;13
Montegiorgio;FM;39;47;49;47;50;44;41;41;47;50;50;49;53;56;56;57;56;50;53;51;53;50;52;50;48;46;46;45;43;39;37;34;24;28;24;22;20;25;23;21;19;17;19;19;24;22;23;26;32;31;33;32;31;29;31;32;32
Montegranaro;FM;85;88;94;82;88;84;81;77;95;96;94;98;96;95;105;105;102;91;95;96;90;79;86;86;84;76;73;61;60;54;51;49;38;41;39;38;31;29;27;28;36;34;39;42;41;43;49;61;70;71;80;83;79;80;96;100;100
Monteleone di Fermo;FM;3;3;3;3;3;3;3;3;3;3;3;3;3;0;0;0;0;0;0;3;3;3;3;3;3;3;3;3;3;3;3;3;3;3;3;3;3;3;3;3;3;0;0;0;0;0;0;0;0;0;0;0;0;0;0;0;0
Montelparo;FM;3;3;3;3;3;3;3;3;3;3;3;3;3;3;3;3;3;3;3;3;3;0;0;0;0;0;0;0;0;0;0;0;0;0;0;0;0;0;0;0;0;0;0;0;3;3;3;3;3;3;3;3;3;3;5;5;5
Monterubbiano;FM;13;13;13;11;11;11;11;11;10;9;10;10;10;9;8;8;7;3;3;3;3;3;3;3;3;3;3;3;3;3;3;3;3;3;3;3;3;3;3;3;3;3;3;3;0;0;0;0;3;3;3;3;3;3;3;3;3
Montottone;FM;3;3;3;3;3;3;3;3;3;3;3;3;3;3;3;3;3;3;3;3;3;3;6;6;6;6;6;7;7;7;7;7;7;7;6;6;6;6;6;5;6;6;6;3;3;3;3;3;3;3;3;3;3;3;3;3;3
Moresco;FM;3;3;3;3;3;3;3;3;3;3;3;3;3;3;3;3;3;3;3;3;3;3;3;3;3;3;3;3;3;3;3;3;0;0;0;0;0;0;0;0;0;0;0;0;0;0;3;3;3;3;6;6;6;6;6;7;7
Ortezzano;FM;0;0;0;0;3;3;3;3;5;5;6;6;6;6;7;7;7;7;6;7;7;7;8;8;8;8;8;7;6;5;5;5;3;3;3;3;3;3;3;3;3;3;3;3;3;3;3;3;3;3;3;3;3;7;7;7;7
Pedaso;FM;19;20;20;20;20;19;17;17;17;17;14;14;13;11;11;9;8;8;8;7;3;5;3;3;3;3;3;3;3;3;3;3;3;3;3;6;6;6;8;9;10;11;13;13;12;12;10;10;9;10;10;11;9;10;14;15;15
Petritoli;FM;8;7;8;8;6;6;6;6;3;5;3;3;3;3;3;3;3;3;5;5;5;6;6;6;5;5;6;5;5;3;3;3;3;5;5;5;5;5;3;3;3;3;3;3;3;3;5;5;5;6;8;8;7;7;8;8;8
Ponzano di Fermo;FM;5;5;6;3;5;5;5;3;3;3;3;3;3;3;3;3;3;3;3;3;3;3;3;3;3;3;3;3;3;3;3;3;3;3;3;3;3;3;3;0;0;3;3;3;3;3;3;3;3;5;5;5;5;5;3;5;5
Porto San Giorgio;FM;105;105;113;102;98;95;81;71;78;76;67;69;66;63;60;55;54;52;59;58;63;60;58;60;57;47;52;49;48;48;48;48;40;46;45;52;55;53;51;51;52;51;56;52;60;62;61;68;74;80;76;75;71;78;79;80;78
Porto Sant'Elpidio;FM;288;297;299;270;289;263;235;219;225;231;207;208;196;176;171;171;163;145;146;152;139;126;130;127;130;124;128;133;137;127;123;122;111;117;109;109;108;117;116;110;111;131;134;131;137;131;132;144;160;159;169;178;159;173;197;193;191
Rapagnano;FM;18;20;20;16;18;15;15;15;15;15;13;14;10;6;6;5;5;3;3;3;3;3;5;5;5;5;6;6;7;7;7;6;3;7;8;8;9;10;11;10;11;14;17;17;21;21;24;25;28;29;36;37;34;39;43;42;42
Sant'Elpidio a Mare;FM;121;124;124;102;115;118;120;113;120;121;113;107;95;92;94;98;92;82;82;85;86;78;81;82;86;77;80;72;62;62;61;63;45;49;46;51;51;52;54;54;60;64;69;70;73;70;68;70;78;82;88;92;91;85;95;99;98
Santa Vittoria in Matenano;FM;3;3;3;3;3;3;3;3;3;3;3;3;3;3;3;3;3;3;3;3;3;3;3;3;3;3;3;3;3;3;3;3;3;3;3;5;3;3;3;3;3;5;5;5;7;7;10;11;11;11;17;17;17;21;20;21;21
Servigliano;FM;6;6;7;5;6;8;8;7;9;9;11;12;13;10;10;12;11;12;9;13;13;13;13;13;14;14;13;11;7;6;6;7;6;6;7;8;9;9;11;11;10;9;11;11;11;11;13;12;17;17;26;26;23;23;26;27;27
Smerillo;FM;0;0;0;0;0;0;0;0;0;0;0;0;0;0;0;0;0;0;0;0;0;0;0;0;0;0;0;0;0;0;0;0;0;0;0;0;0;0;0;0;0;0;0;0;0;0;0;0;0;0;0;0;0;0;0;0;0
Torre San Patrizio;FM;14;16;17;18;18;21;20;20;23;23;23;23;24;23;24;24;24;18;20;15;17;16;16;16;14;13;12;10;9;8;8;8;7;9;11;13;11;10;9;11;10;12;11;11;12;11;11;10;11;11;12;13;12;9;12;13;12
Apiro;MC;10;10;10;9;9;9;8;8;10;12;10;11;14;14;17;17;15;15;13;14;12;11;14;14;14;15;15;15;15;14;14;14;15;11;10;9;9;9;9;6;6;3;3;3;3;3;3;3;3;3;5;7;10;13;19;20;20
Appignano;MC;36;36;38;37;32;34;34;34;37;34;33;31;31;31;23;17;13;12;10;12;11;11;13;10;11;11;9;13;13;12;12;11;11;9;11;11;10;8;8;8;9;3;7;5;5;6;6;7;9;10;11;10;11;15;18;18;18
Belforte del Chienti;MC;8;9;9;10;10;10;11;11;13;13;13;12;11;11;10;9;8;9;8;8;9;10;12;10;9;10;9;12;14;16;16;18;18;20;21;20;21;21;15;19;19;19;18;20;21;21;20;17;18;19;17;16;17;13;14;13;13
Bolognola;MC;0;0;0;0;0;0;0;0;0;0;0;0;0;0;0;0;0;0;0;0;0;0;0;0;0;0;0;0;0;0;0;0;0;0;0;0;0;0;0;0;0;0;0;0;0;0;3;3;3;3;3;3;3;3;3;3;3
Caldarola;MC;17;17;18;18;16;17;17;17;16;16;17;12;22;23;24;24;19;19;14;11;10;10;10;11;11;12;7;12;11;10;10;9;5;9;9;7;6;6;5;6;5;5;5;5;5;5;3;5;5;5;6;5;6;7;8;9;9
Camerino;MC;21;22;21;21;19;19;16;16;16;14;14;15;17;16;20;21;20;20;19;21;21;21;20;19;20;19;14;17;16;17;17;17;17;15;12;12;14;14;17;17;17;16;14;15;16;16;15;18;20;18;19;20;21;20;24;25;25
Camporotondo di Fiastrone;MC;3;3;3;3;3;3;3;3;3;3;3;3;3;3;3;3;3;3;3;3;3;3;3;3;3;3;3;3;3;3;3;3;3;3;3;3;3;3;3;3;3;3;3;3;3;3;3;5;5;5;5;5;5;5;3;5;5
Castelraimondo;MC;11;10;10;8;6;6;6;6;5;5;5;5;6;5;6;6;3;5;6;7;8;8;8;8;9;10;9;13;13;14;16;16;16;16;17;17;22;21;21;21;19;21;24;23;26;29;31;31;31;35;43;45;48;51;54;64;63
Castelsantangelo sul Nera;MC;0;0;0;0;0;0;0;0;0;0;0;0;0;0;0;0;0;0;0;0;0;0;0;0;0;0;0;0;0;0;0;0;0;0;3;3;3;3;3;3;3;3;3;3;3;3;3;0;0;0;0;0;0;3;0;0;0
Cessapalombo;MC;3;3;3;3;3;3;3;3;3;3;3;3;3;0;0;0;0;3;3;3;3;3;3;3;3;3;3;3;3;3;3;3;0;3;3;3;3;3;3;3;3;0;0;0;3;3;3;3;3;3;3;3;3;3;3;3;3
Cingoli;MC;25;23;22;20;20;21;18;18;17;17;16;17;17;20;20;20;19;20;18;18;24;24;25;24;23;25;23;21;25;30;31;26;37;37;44;44;48;46;49;56;60;63;75;78;82;83;85;104;113;113;121;119;119;119;114;120;119
Civitanova Marche;MC;422;411;413;409;398;408;386;369;360;370;374;362;360;360;344;346;320;323;315;285;304;290;270;269;251;248;258;248;251;243;234;225;209;219;209;208;221;214;228;224;233;226;251;250;259;259;270;278;294;319;326;336;345;373;373;383;378
Colmurano;MC;11;13;11;11;11;10;12;12;14;15;15;15;15;14;14;13;13;13;12;8;10;9;8;8;8;7;7;7;6;3;3;3;3;3;3;3;3;3;3;3;3;3;3;3;3;3;3;5;5;5;5;6;6;9;11;11;11
Corridonia;MC;54;59;60;65;57;61;56;56;53;53;53;51;50;47;47;48;46;48;52;52;59;48;56;53;55;51;50;55;55;57;57;59;52;61;62;61;62;62;63;60;67;68;71;74;80;85;85;94;99;114;121;122;126;127;127;126;123
Esanatoglia;MC;42;43;54;58;58;59;58;58;60;61;60;56;59;59;58;58;52;36;42;41;41;43;44;40;42;33;36;41;25;38;40;39;38;39;36;46;48;48;54;47;54;65;72;72;77;81;88;91;91;92;107;111;109;109;113;128;122
Fiastra;MC;0;0;0;0;0;0;0;0;3;3;3;3;3;3;3;3;3;3;3;3;3;3;3;3;5;5;5;5;5;5;5;5;5;5;5;3;3;3;3;3;3;3;3;3;3;3;3;3;3;3;3;3;3;3;3;3;3
Fiuminata;MC;10;9;8;8;6;3;3;3;3;3;3;3;3;3;3;3;3;3;3;3;3;3;3;3;3;3;3;3;3;3;3;3;3;3;3;3;3;3;0;0;0;0;0;0;0;3;3;3;3;3;3;3;3;5;5;5;5
Gagliole;MC;0;0;0;3;3;3;3;3;3;3;3;3;3;0;0;0;0;0;0;0;0;0;0;0;0;0;0;0;0;0;0;0;0;3;3;0;0;0;0;0;0;0;3;3;3;0;0;0;3;0;0;3;3;3;3;3;3
Gualdo;MC;6;6;6;6;6;6;6;6;5;5;5;5;5;5;5;5;5;5;5;5;5;5;3;3;3;3;3;3;3;3;3;3;3;3;3;3;3;3;3;3;3;3;3;3;3;3;3;3;3;3;3;3;3;3;3;3;3
Loro Piceno;MC;3;3;3;3;3;3;3;3;3;3;3;3;3;3;3;3;3;3;3;3;5;5;5;6;3;3;3;3;3;3;3;3;3;3;3;3;3;3;3;3;3;3;3;3;3;3;3;3;3;3;5;7;7;10;10;13;13
Macerata;MC;259;264;260;263;242;245;240;237;266;271;279;265;260;248;252;241;223;233;221;186;195;184;188;180;181;161;144;155;144;143;133;137;124;135;135;123;134;131;134;127;147;151;153;158;164;177;176;185;210;218;215;238;230;250;257;256;253
Matelica;MC;52;51;53;53;48;45;42;40;33;34;35;36;39;40;39;41;38;40;35;37;36;35;35;36;40;41;38;42;45;44;43;48;47;46;51;56;59;58;63;64;56;67;72;76;80;79;79;92;113;112;121;122;126;133;148;165;159
Mogliano;MC;24;24;24;25;27;27;21;21;18;19;19;17;16;16;17;17;16;17;18;14;13;13;13;13;15;14;13;15;14;10;10;11;8;11;11;13;13;14;12;10;10;10;10;10;10;10;10;10;10;10;10;10;11;13;13;13;12
Monte Cavallo;MC;0;0;0;0;0;0;0;0;0;0;0;0;0;0;0;0;0;0;0;0;0;0;0;0;0;0;0;0;0;0;0;0;0;0;0;0;0;0;0;0;0;0;0;0;0;0;0;0;0;0;3;3;3;3;3;3;3
Monte San Giusto;MC;34;33;35;36;33;30;35;35;38;38;39;40;44;47;50;50;51;51;47;39;37;36;31;32;34;30;35;30;30;31;32;29;29;31;28;23;24;23;25;28;28;24;27;27;28;28;27;28;29;33;33;34;29;34;34;35;35
Monte San Martino;MC;3;3;3;3;3;3;3;3;3;3;3;3;3;3;3;3;3;9;9;8;11;13;14;13;14;13;13;14;14;14;14;14;11;8;11;7;8;8;8;7;7;7;6;3;3;3;3;3;3;3;3;3;3;3;0;0;0
Montecassiano;MC;75;73;72;72;63;58;54;48;42;42;41;37;33;31;33;32;28;25;25;22;17;17;18;16;16;16;16;16;16;19;19;18;14;19;20;24;25;25;26;26;31;29;30;28;31;30;30;36;34;38;38;41;42;50;49;51;50
Montecosaro;MC;132;128;133;118;123;128;128;124;117;110;109;102;96;92;105;101;93;109;115;102;101;99;98;96;95;91;96;83;79;78;75;76;73;76;71;72;74;73;80;67;74;74;90;91;94;92;90;100;107;114;122;122;115;131;136;141;137
Montefano;MC;25;25;26;24;25;20;20;19;24;23;25;27;26;29;30;29;27;28;25;24;24;24;25;23;23;27;28;24;27;26;26;26;21;26;26;24;25;23;23;26;30;29;28;31;30;29;28;29;33;36;37;36;35;38;35;34;32
Montelupone;MC;38;41;44;45;43;39;37;32;29;28;28;26;22;24;22;20;19;18;18;19;17;16;14;13;15;14;15;15;15;14;13;13;15;17;16;12;11;10;10;12;12;11;13;13;17;19;22;28;32;39;41;45;46;50;53;52;52
Morrovalle;MC;128;126;127;127;124;129;122;116;117;117;116;109;114;114;114;104;99;98;89;86;77;68;64;64;60;56;53;51;46;46;45;40;41;41;38;42;40;38;42;43;43;38;53;54;51;52;52;51;55;56;56;55;53;61;68;68;61
Muccia;MC;3;3;3;3;3;3;3;3;3;3;3;3;3;3;3;3;3;3;3;3;3;3;3;3;3;3;0;3;3;3;3;3;3;3;3;8;12;12;12;12;13;15;19;22;22;22;23;24;20;21;22;22;22;20;23;20;16
Penna San Giovanni;MC;3;3;3;3;3;3;3;3;3;3;3;3;7;7;8;8;8;9;9;10;10;9;10;10;10;10;10;10;10;10;12;12;10;11;10;6;10;10;10;10;10;9;9;10;10;11;11;10;11;10;11;10;10;10;10;10;9
Petriolo;MC;3;3;3;3;3;3;3;3;5;5;5;3;3;3;3;3;3;3;3;3;3;3;3;3;3;3;3;3;3;3;3;3;3;3;3;3;3;3;3;3;0;3;3;3;3;3;3;3;3;3;3;3;3;3;3;3;3
Pieve Torina;MC;3;3;3;3;3;3;3;3;3;3;3;3;3;3;3;7;7;9;9;9;9;9;9;9;9;9;9;9;9;9;9;9;10;10;9;9;9;9;9;9;9;8;5;6;6;5;3;5;6;6;3;3;3;3;3;3;3
Pioraco;MC;3;3;3;3;3;3;3;3;3;3;3;3;3;3;3;3;3;3;3;3;3;3;3;3;3;3;5;5;6;6;6;6;6;5;6;5;5;3;3;3;3;3;3;3;3;3;3;3;3;3;3;3;3;3;3;3;3
Poggio San Vicino;MC;3;3;3;3;3;3;3;3;3;3;3;0;0;0;0;0;0;3;3;3;3;3;3;3;3;3;3;3;3;3;3;3;3;3;3;3;3;3;3;3;3;3;0;0;0;0;0;0;0;0;0;0;3;3;3;3;3
Pollenza;MC;35;35;36;35;34;32;31;31;37;35;35;35;35;31;31;28;24;28;27;24;25;24;24;24;25;25;18;28;31;32;34;33;32;36;40;41;43;42;45;46;50;54;55;63;65;65;60;69;67;64;61;61;62;61;60;56;56
Porto Recanati;MC;88;87;87;77;81;80;77;74;79;79;79;74;71;77;76;75;73;80;74;79;81;88;92;97;99;101;105;99;109;112;107;105;109;115;110;108;113;107;115;112;124;118;120;119;119;116;116;113;120;120;114;111;110;117;116;121;116
Potenza Picena;MC;108;109;115;105;105;107;104;101;97;103;102;100;98;97;98;104;95;95;89;86;87;81;84;80;71;71;77;68;70;72;69;68;68;69;63;67;71;69;75;75;81;73;81;80;86;88;100;102;125;138;139;145;154;175;173;172;169
Recanati;MC;108;102;100;93;92;106;100;98;113;117;117;115;102;96;102;107;106;106;105;99;113;113;114;115;122;114;124;120;120;115;113;105;98;109;104;88;93;91;99;103;102;100;115;111;113;113;119;126;147;153;156;158;162;188;192;202;196
Ripe San Ginesio;MC;5;5;5;5;3;5;3;3;3;3;3;3;3;3;3;3;3;3;3;3;3;0;0;0;0;0;0;0;0;0;0;0;0;0;0;0;0;0;0;0;0;0;0;0;0;0;3;3;3;3;3;3;3;3;3;3;3
San Ginesio;MC;13;15;16;16;15;16;16;15;15;14;14;12;9;10;10;8;8;8;9;6;6;5;3;5;5;3;5;5;5;5;5;7;6;10;10;9;10;10;9;10;9;9;9;10;10;10;6;10;10;13;15;19;18;19;17;16;16
San Severino Marche;MC;29;28;30;30;22;24;22;21;23;22;21;29;32;36;36;39;38;38;37;40;38;42;48;53;54;51;48;56;60;62;65;65;65;52;57;56;55;52;53;55;48;50;46;47;52;53;51;54;64;63;69;65;70;76;75;80;75
Sant'Angelo in Pontano;MC;8;9;9;9;9;9;7;7;7;7;7;3;3;3;3;3;3;3;3;3;3;3;3;3;3;3;3;3;3;3;3;3;5;6;6;6;6;6;5;5;6;5;6;6;6;6;3;3;5;6;6;6;6;6;5;5;5
Sarnano;MC;38;36;39;35;37;39;40;40;34;31;31;29;30;30;27;25;25;26;26;21;19;18;19;18;19;18;13;13;12;13;15;15;15;14;14;14;18;15;20;23;29;33;33;43;60;60;62;64;69;70;73;70;72;75;73;72;71
Sefro;MC;0;0;0;0;0;0;0;0;0;0;0;0;0;0;0;0;0;0;0;0;0;0;0;0;0;0;0;0;0;0;0;0;0;0;0;0;0;0;0;0;0;0;0;0;0;3;3;3;3;3;3;3;3;5;5;10;10
Serrapetrona;MC;6;6;6;6;5;7;7;7;7;6;6;3;7;7;6;3;3;3;3;3;3;3;3;3;3;3;3;3;3;3;3;3;3;3;3;0;0;0;3;3;3;3;3;3;3;3;3;3;3;0;0;0;0;0;0;0;0
Serravalle di Chienti;MC;3;3;3;3;3;3;3;3;3;3;3;3;3;3;3;3;3;3;3;3;3;3;3;3;3;3;3;3;3;3;3;3;3;3;3;3;3;3;3;3;3;3;3;3;3;3;3;7;8;8;10;10;10;10;11;11;10
Tolentino;MC;176;178;184;183;183;185;182;181;202;199;200;169;185;134;160;167;164;171;171;158;165;162;167;157;161;158;122;160;162;168;175;179;162;176;185;191;199;181;151;151;150;146;152;155;158;158;146;144;144;153;141;142;144;147;149;150;148
Treia;MC;46;45;49;47;51;52;48;47;51;51;55;54;53;50;48;46;42;41;45;45;38;34;31;34;34;34;29;34;31;30;30;29;23;25;29;28;31;30;30;28;24;23;22;17;16;17;16;19;15;16;18;21;20;25;29;31;31
Urbisaglia;MC;24;25;24;25;23;24;21;20;19;19;19;18;18;17;16;14;12;12;11;10;9;6;7;6;7;7;3;3;3;5;5;5;5;5;5;3;3;3;3;3;3;3;6;9;11;11;11;15;16;18;21;22;23;25;27;28;28
Ussita;MC;3;3;3;3;3;3;3;3;3;3;3;0;3;3;3;3;3;3;3;3;3;3;3;3;0;3;3;3;3;3;3;0;0;0;0;0;0;0;3;3;3;3;3;3;3;3;3;3;3;3;3;3;3;3;3;3;3
Valfornace;MC;0;0;0;0;0;0;0;0;0;3;3;3;3;8;11;12;12;12;12;12;12;13;13;12;12;12;11;11;10;9;9;10;10;8;7;5;5;5;5;5;3;3;3;3;3;0;0;0;3;3;3;3;3;3;3;5;5
Visso;MC;9;7;5;5;3;3;3;3;3;3;3;3;3;3;3;3;3;3;3;3;3;3;3;3;3;3;3;3;3;3;3;3;3;3;3;3;3;3;3;3;3;3;3;3;3;3;3;3;3;3;3;3;3;3;5;5;5
Acqualagna;PU;16;19;19;19;21;18;15;15;19;20;22;21;21;19;17;17;17;18;13;14;14;12;11;11;11;12;13;13;16;17;18;16;16;18;15;16;16;16;17;16;16;16;16;14;14;14;24;24;31;35;38;38;39;41;42;41;40
Apecchio;PU;6;6;6;3;3;3;3;3;5;3;3;3;3;3;3;3;3;3;3;3;3;3;3;3;5;8;9;9;12;12;12;12;12;13;14;14;14;14;14;12;12;12;10;9;8;7;7;7;7;7;6;6;6;6;7;11;11
Belforte all'Isauro;PU;3;3;3;3;3;3;3;3;3;3;3;3;3;3;3;3;3;3;3;3;3;3;3;3;3;0;0;0;0;0;0;0;0;0;0;0;0;0;0;3;3;3;3;3;3;3;3;3;3;3;5;5;5;3;3;3;3
Borgo Pace;PU;3;0;0;0;0;0;0;0;3;3;3;3;3;3;3;3;3;3;3;3;3;3;0;0;0;0;0;0;0;0;0;0;0;0;0;3;3;3;3;3;3;3;3;3;3;3;3;3;3;3;5;5;3;5;5;6;6
Cagli;PU;48;52;54;51;53;51;45;45;41;41;37;34;32;35;36;37;36;32;28;28;24;22;20;20;19;18;19;14;14;12;10;10;10;9;9;7;6;6;3;5;5;5;7;8;8;8;10;12;15;16;21;19;23;22;25;31;31
Cantiano;PU;19;24;24;21;21;21;21;21;20;17;16;14;13;11;13;13;13;13;13;14;14;13;12;11;9;10;8;8;8;8;8;8;8;8;6;6;3;3;3;3;3;5;6;6;6;5;6;8;12;15;19;19;25;26;28;42;41
Carpegna;PU;21;21;22;22;21;21;21;21;25;20;20;26;26;26;27;27;26;28;29;28;26;26;27;27;27;27;27;28;28;26;26;26;27;19;19;20;17;17;19;20;20;16;15;14;13;12;16;15;16;17;18;18;18;18;20;20;20
Cartoceto;PU;76;76;72;71;72;72;61;59;57;56;49;45;44;45;44;46;43;39;40;37;35;35;36;35;35;30;25;31;30;28;29;29;27;27;32;33;34;34;37;38;40;42;44;49;47;45;43;48;53;50;50;50;48;51;56;57;54
Colli al Metauro;PU;108;105;106;107;101;96;94;89;101;100;101;100;98;92;87;79;79;78;73;64;59;59;57;57;56;55;53;50;52;48;46;47;41;42;46;44;48;47;49;46;52;52;55;61;63;64;62;71;75;76;89;88;93;92;96;104;100
Fano;PU;516;507;509;502;506;491;452;444;419;422;418;407;377;361;339;307;306;288;277;264;277;261;267;260;253;263;263;272;274;284;275;262;242;247;246;252;259;254;248;218;236;231;230;238;230;229;228;234;243;247;271;270;273;261;300;319;308
Fermignano;PU;64;63;63;62;63;54;55;54;51;51;64;55;57;56;56;53;53;48;52;54;46;48;48;47;48;48;50;48;48;44;39;41;38;39;38;40;35;35;36;34;32;33;32;32;31;30;30;30;31;34;35;35;34;35;37;42;41
Fossombrone;PU;60;65;63;68;68;67;63;62;60;58;65;72;75;78;76;79;80;81;78;74;84;85;86;87;88;87;85;95;93;88;88;79;68;73;84;87;87;87;85;79;79;65;63;68;66;62;47;49;62;58;58;57;58;54;61;64;62
Fratte Rosa;PU;20;18;19;19;19;19;19;19;19;14;15;13;12;9;10;7;6;6;6;3;3;3;5;5;3;3;3;3;3;3;3;3;3;3;3;3;3;3;3;3;3;3;0;0;0;0;0;0;0;0;3;3;3;3;3;3;3
Frontino;PU;0;0;0;0;0;0;0;0;0;0;0;0;0;0;0;0;0;0;0;0;0;0;0;0;0;0;0;0;0;0;0;0;0;0;0;0;0;0;0;0;0;0;0;0;0;0;0;0;0;0;0;0;0;0;0;0;0
Frontone;PU;3;3;3;3;3;3;3;3;3;3;3;3;3;3;3;3;3;3;3;5;5;7;10;10;10;13;15;24;30;33;33;41;44;44;45;45;45;46;46;47;47;45;48;47;46;48;49;52;43;38;34;33;35;32;35;38;37
Gabicce Mare;PU;15;16;16;16;18;22;22;22;23;22;22;20;18;17;16;17;15;15;16;14;12;10;8;10;11;12;14;17;18;18;21;22;22;22;21;19;17;17;17;17;16;19;17;17;17;18;22;23;29;29;37;34;36;38;38;39;39
Gradara;PU;23;23;24;24;26;29;28;25;29;29;28;29;28;29;27;27;27;26;26;25;23;19;21;19;20;25;26;26;27;29;28;30;33;40;39;36;42;40;36;45;46;52;53;54;53;54;53;55;64;64;68;67;68;70;71;67;64
Isola del Piano;PU;0;0;0;0;0;3;3;3;3;3;3;3;0;3;3;3;3;3;3;3;3;3;3;3;3;3;3;3;3;3;3;3;3;3;3;3;3;3;5;8;8;10;13;14;14;14;13;14;14;15;15;15;17;17;19;19;19
Lunano;PU;18;20;22;22;21;21;21;19;20;18;18;17;19;20;21;20;20;19;19;14;12;12;12;12;11;11;11;11;11;11;10;10;7;7;6;8;7;7;7;7;7;5;5;5;5;5;3;3;3;3;3;3;3;3;5;5;5
Macerata Feltria;PU;22;21;19;15;14;15;15;15;13;13;15;10;10;10;8;8;6;6;6;6;6;6;8;8;7;6;6;6;6;6;7;7;7;7;7;7;7;7;7;6;6;6;5;5;5;3;3;5;5;3;6;6;8;8;11;12;12
Mercatello sul Metauro;PU;17;15;15;10;9;8;8;8;5;6;6;6;5;3;3;3;3;3;3;3;3;3;3;3;0;0;0;0;0;0;0;0;0;0;0;3;3;3;3;3;3;3;3;3;3;3;3;3;3;5;6;6;6;7;7;10;10
Mercatino Conca;PU;3;3;3;5;5;5;5;5;5;6;6;7;7;8;8;8;8;7;5;5;3;3;3;3;3;3;3;3;3;3;3;3;5;5;5;5;3;3;3;3;3;3;3;3;3;3;3;3;5;5;5;5;5;5;5;3;3
Mombaroccio;PU;17;18;18;18;15;20;20;20;24;24;24;23;22;22;18;20;19;17;20;18;19;17;18;17;17;16;18;18;14;15;15;15;14;13;14;14;14;14;13;10;11;12;11;11;10;10;9;6;8;7;8;8;8;9;9;10;10
Mondavio;PU;58;58;60;59;58;58;52;50;45;47;44;37;34;30;30;28;28;27;26;21;23;23;20;20;21;21;22;21;22;21;21;21;18;20;21;21;21;21;21;20;21;21;21;23;23;22;22;25;27;30;31;31;31;35;36;36;36
Mondolfo;PU;130;123;124;123;119;114;99;96;80;81;78;78;75;70;68;70;71;67;69;64;64;62;63;62;61;62;62;66;65;66;65;62;58;53;51;51;51;50;54;45;53;61;66;68;67;65;59;65;77;80;90;92;91;85;99;101;99
Monte Cerignone;PU;3;3;3;3;3;3;3;3;3;5;3;5;7;8;8;8;8;8;5;9;6;6;5;5;5;3;3;5;3;3;3;3;3;3;3;3;3;3;3;3;3;3;3;3;3;3;3;3;3;3;3;3;3;3;3;5;5
Monte Grimano Terme;PU;26;19;19;18;17;16;16;15;16;17;17;15;16;18;18;18;18;18;18;18;18;18;6;10;10;6;5;5;5;5;5;5;6;5;5;5;5;5;3;5;5;7;9;9;8;8;8;8;10;14;19;19;21;22;24;23;23
Monte Porzio;PU;24;26;27;25;23;23;22;21;25;27;26;26;25;24;22;21;18;17;17;15;14;11;13;12;11;13;13;13;13;14;15;13;13;15;17;18;18;18;18;16;16;15;14;14;15;12;10;10;14;14;15;15;16;14;18;19;19
Montecalvo in Foglia;PU;7;7;7;9;9;9;9;9;12;12;13;10;11;10;10;11;11;11;9;11;14;15;12;12;12;7;11;8;7;6;5;5;5;6;5;3;3;3;3;3;5;5;6;6;5;5;3;8;9;9;9;9;10;11;11;11;9
Monteciccardo;PU;0;0;0;0;0;0;0;0;3;3;3;3;3;3;3;3;3;3;3;3;3;3;3;3;3;3;3;3;3;0;0;3;3;3;3;3;3;3;3;3;3;0;0;0;0;0;0;0;0;0;0;0;0;0;0;0;0
Montecopiolo;PU;0;0;0;0;0;0;0;0;0;0;0;3;3;3;3;3;3;3;3;3;5;8;8;8;8;8;9;10;13;14;14;15;14;13;12;14;12;11;12;9;8;6;8;7;7;10;9;9;10;13;13;13;13;10;14;19;19
Montefelcino;PU;17;16;16;16;16;16;10;9;6;3;3;6;5;5;5;6;6;6;5;5;5;5;5;5;5;5;5;3;3;5;5;5;3;3;3;3;3;3;5;5;5;7;7;9;9;9;7;7;10;10;13;13;14;14;17;20;20
Montelabbate;PU;24;25;24;27;28;31;33;33;42;40;40;36;36;40;41;42;41;40;45;45;44;46;47;44;44;41;43;43;37;35;35;35;36;36;36;32;34;32;33;34;29;30;32;31;32;30;31;30;33;34;32;32;31;31;28;30;29
Peglio;PU;3;3;3;3;3;3;3;3;0;0;0;0;0;0;0;0;0;0;0;0;0;0;0;0;0;0;0;0;0;0;0;0;0;0;0;3;3;3;3;3;3;3;3;3;3;3;0;3;3;3;3;3;3;3;3;3;3
Pergola;PU;25;21;25;27;26;25;25;25;20;20;24;24;22;21;19;16;15;16;15;15;15;16;14;14;14;20;22;21;20;18;18;19;17;20;19;20;17;19;19;17;19;17;15;16;14;14;9;15;14;12;13;12;11;10;11;18;18
Pesaro;PU;589;596;602;593;593;606;581;570;574;558;552;528;491;490;458;463;454;415;412;397;392;379;371;371;360;356;375;387;363;355;349;346;351;352;352;341;352;339;336;344;342;346;340;348;345;355;396;415;458;469;510;493;494;529;549;544;535
Petriano;PU;17;20;22;22;23;22;22;21;18;15;15;11;10;10;8;7;5;5;5;7;7;8;7;9;8;10;10;10;9;8;8;8;7;7;7;7;9;8;7;7;5;7;8;8;8;8;9;9;9;10;10;11;11;14;16;18;17
Piandimeleto;PU;9;9;9;9;8;7;6;6;7;7;7;7;6;6;6;6;6;6;5;6;5;3;5;5;5;5;5;5;5;5;5;5;5;3;3;3;3;3;3;3;3;3;3;3;3;3;3;6;6;6;6;6;6;6;7;11;11
Pietrarubbia;PU;5;3;3;3;3;3;3;3;3;3;3;3;3;3;3;3;3;3;3;3;3;3;3;3;3;3;3;3;3;3;3;0;0;0;0;0;0;0;0;3;3;5;5;5;5;5;5;5;6;6;3;3;3;5;5;5;5
Piobbico;PU;7;5;5;3;6;5;5;5;3;3;5;5;5;6;6;5;5;6;6;3;3;3;3;3;3;3;5;6;6;6;6;5;5;5;5;5;3;3;3;3;3;3;3;3;3;3;3;3;3;3;3;3;7;8;8;9;9
San Costanzo;PU;37;40;40;38;38;37;36;36;32;29;29;25;21;22;18;18;16;15;14;13;14;15;19;20;22;26;30;28;27;27;27;26;23;26;28;26;28;28;25;24;27;27;26;24;22;23;23;24;24;23;23;23;22;24;27;32;32
San Lorenzo in Campo;PU;68;64;66;70;70;66;65;65;55;53;55;55;53;57;53;52;53;55;53;42;40;36;36;37;39;35;30;26;27;24;25;25;19;18;13;14;14;15;17;15;15;17;16;18;19;19;19;22;24;25;28;28;28;26;28;31;30
Sant'Angelo in Vado;PU;24;23;19;19;18;18;17;17;17;16;16;15;12;13;13;14;14;14;13;14;14;13;10;9;9;5;3;7;6;6;6;5;5;6;7;8;11;11;12;13;16;18;19;22;22;25;26;33;37;44;44;44;43;47;44;47;46
Sant'Ippolito;PU;5;5;3;3;3;5;5;5;5;5;5;3;3;6;6;6;8;7;7;8;9;9;9;9;9;9;12;14;13;13;13;12;12;12;10;10;10;10;10;7;7;7;8;7;7;5;3;3;3;3;3;3;3;3;3;6;6
Sassocorvaro Auditore;PU;40;41;46;45;44;43;44;41;41;41;41;35;36;35;32;32;32;34;32;32;31;29;27;28;28;30;32;30;30;26;26;25;25;25;22;20;16;15;15;14;14;12;14;15;14;13;12;12;15;17;17;17;19;14;20;24;24
Sassofeltrio;PU;5;3;3;3;3;3;5;5;3;3;3;3;3;3;3;3;3;3;3;3;3;5;5;5;6;7;7;8;9;7;7;8;7;7;7;7;6;6;6;5;5;6;8;7;6;5;6;6;9;10;9;9;11;8;9;15;15
Serra Sant'Abbondio;PU;0;0;0;0;0;0;0;0;0;0;0;0;0;0;0;0;0;0;0;0;0;3;3;3;3;3;3;8;9;9;9;15;15;18;20;21;21;21;25;24;24;25;28;27;25;25;25;24;21;20;19;18;16;12;12;11;10
Tavoleto;PU;0;0;0;0;0;0;0;0;0;0;0;3;3;3;5;5;5;5;5;5;5;7;7;7;7;9;9;10;11;12;12;12;13;12;12;10;9;9;9;5;6;3;3;3;3;3;3;3;3;3;3;3;3;3;3;3;3
Tavullia;PU;45;48;46;47;47;52;47;46;48;47;45;44;47;49;45;48;48;39;44;44;44;44;41;39;37;37;38;36;39;39;37;35;35;34;31;31;31;31;31;33;33;38;38;38;38;37;40;39;45;43;45;41;42;44;48;49;49
Terre Roveresche;PU;67;65;63;61;62;60;55;53;48;47;48;46;44;44;40;39;39;37;37;32;33;31;30;30;28;27;27;25;24;26;25;25;23;21;19;17;17;15;15;16;17;19;19;20;21;19;20;22;24;24;28;28;28;26;31;31;30
Urbania;PU;59;54;51;48;49;49;47;45;47;46;47;46;48;49;47;45;45;43;39;39;37;34;29;28;24;19;21;22;20;18;18;18;16;16;16;17;14;14;15;16;10;10;11;11;11;13;11;10;12;14;17;17;18;20;25;39;39
Urbino;PU;116;123;127;122;123;122;118;115;123;123;123;113;106;99;102;102;97;98;97;95;90;86;78;74;71;59;60;54;52;50;48;45;49;54;53;51;43;43;41;44;42;44;47;42;43;42;44;46;52;52;56;56;55;52;53;53;53
Vallefoglia;PU;93;88;89;89;95;91;88;85;94;92;91;93;90;90;87;89;87;83;83;82;80;75;78;72;68;62;63;62;56;54;53;54;56;53;51;53;53;52;52;59;56;62;56;56;56;57;60;57;59;64;68;67;67;69;77;75;75
